Node1,Node2
0,1
0,2
0,3
0,4
0,5
0,6
0,7
0,8
0,9
0,10
0,11
0,12
0,14
0,16
0,21
0,22
0,24
0,27
0,31
0,34
0,38
0,40
0,41
0,42
0,44
0,47
0,50
0,53
0,56
0,59
0,61
0,69
0,73
0,74
0,77
0,80
0,83
0,99
0,102
0,108
0,117
0,118
0,119
0,121
0,125
0,126
0,130
0,137
0,148
0,152
0,160
0,174
0,179
0,186
0,191
0,192
0,210
0,211
0,213
0,215
0,253
0,267
0,269
0,270
0,272
0,287
0,289
0,291
0,294
0,305
0,312
0,319
0,324
0,340
0,360
0,374
0,377
0,379
0,395
0,438
0,456
0,459
0,460
0,462
0,466
0,506
0,534
0,561
0,568
0,585
0,593
0,608
0,661
0,679
0,689
0,731
0,763
0,770
0,803
0,823
0,834
0,838
0,846
0,856
0,874
0,878
0,894
0,909
0,916
0,940
0,1003
0,1010
1,7
1,8
1,9
1,10
1,12
1,13
1,14
1,15
1,16
1,17
1,18
1,21
1,24
1,25
1,26
1,29
1,31
1,34
1,41
1,42
1,43
1,44
1,52
1,54
1,56
1,62
1,63
1,65
1,68
1,71
1,77
1,79
1,84
1,85
1,87
1,96
1,101
1,104
1,108
1,118
1,124
1,137
1,144
1,155
1,169
1,185
1,186
1,187
1,190
1,193
1,196
1,222
1,252
1,267
1,269
1,277
1,298
1,304
1,313
1,350
1,357
1,365
1,369
1,384
1,418
1,442
1,444
1,448
1,449
1,454
1,466
1,492
1,502
1,511
1,513
1,546
1,558
1,560
1,562
1,570
1,580
1,612
1,616
1,617
1,625
1,632
1,637
1,644
1,650
1,657
1,671
1,723
1,724
1,728
1,734
1,744
1,784
1,787
1,853
1,888
1,899
1,905
1,915
1,918
1,932
1,936
1,941
1,954
1,957
1,987
2,7
2,8
2,18
2,111
2,114
2,188
2,304
2,463
2,552
2,696
2,797
2,968
3,7
3,8
3,9
3,19
3,20
3,21
3,36
3,46
3,48
3,55
3,58
3,84
3,116
3,155
3,167
3,169
3,170
3,179
3,227
3,255
3,264
3,283
3,292
3,295
3,349
3,399
3,441
3,460
3,498
3,593
3,604
3,629
3,638
3,646
3,691
3,771
3,772
3,797
3,916
3,940
3,1006
4,7
4,8
4,9
4,15
4,18
4,19
4,30
4,37
4,44
4,48
4,52
4,60
4,61
4,63
4,91
4,137
4,150
4,163
4,170
4,199
4,223
4,262
4,315
4,322
4,372
4,380
4,383
4,408
4,432
4,451
4,455
4,459
4,469
4,490
4,505
4,515
4,555
4,606
4,643
4,680
4,718
4,723
4,733
4,745
4,873
4,1017
4,1020
5,7
5,10
5,14
5,19
5,21
5,23
5,28
5,29
5,30
5,32
5,49
5,55
5,75
5,77
5,81
5,99
5,154
5,169
5,187
5,196
5,241
5,252
5,268
5,282
5,286
5,312
5,400
5,401
5,473
5,535
5,574
5,608
5,628
5,629
5,639
5,744
5,783
5,794
5,840
5,875
5,881
5,887
5,929
5,931
5,988
6,8
6,11
6,13
6,15
6,18
6,23
6,28
6,30
6,31
6,33
6,39
6,41
6,42
6,46
6,47
6,49
6,54
6,58
6,85
6,92
6,114
6,116
6,127
6,128
6,147
6,157
6,164
6,165
6,170
6,171
6,175
6,176
6,177
6,182
6,193
6,195
6,211
6,212
6,222
6,230
6,253
6,256
6,257
6,262
6,264
6,273
6,274
6,276
6,295
6,314
6,337
6,376
6,385
6,386
6,436
6,470
6,497
6,513
6,524
6,534
6,553
6,602
6,678
6,702
6,729
6,768
6,769
6,783
6,803
6,837
6,884
6,946
6,964
6,965
7,9
7,10
7,11
7,13
7,14
7,15
7,16
7,17
7,19
7,20
7,21
7,22
7,23
7,26
7,28
7,29
7,30
7,31
7,32
7,37
7,43
7,44
7,45
7,49
7,51
7,54
7,68
7,76
7,79
7,81
7,82
7,90
7,96
7,97
7,99
7,103
7,107
7,112
7,113
7,117
7,121
7,122
7,132
7,133
7,135
7,142
7,145
7,147
7,151
7,153
7,164
7,178
7,181
7,182
7,189
7,190
7,200
7,206
7,213
7,220
7,223
7,224
7,244
7,245
7,248
7,253
7,273
7,303
7,314
7,316
7,318
7,332
7,333
7,336
7,343
7,344
7,351
7,364
7,390
7,392
7,395
7,396
7,407
7,456
7,496
7,507
7,523
7,560
7,562
7,563
7,565
7,628
7,672
7,704
7,705
7,710
7,736
7,742
7,754
7,765
7,776
7,786
7,886
7,938
7,939
7,949
7,961
7,975
7,999
7,1008
7,1012
8,9
8,10
8,11
8,12
8,13
8,14
8,17
8,22
8,23
8,25
8,30
8,32
8,38
8,50
8,51
8,56
8,57
8,62
8,68
8,71
8,76
8,79
8,80
8,87
8,88
8,102
8,109
8,117
8,123
8,127
8,134
8,138
8,164
8,169
8,171
8,173
8,177
8,180
8,211
8,223
8,250
8,257
8,276
8,278
8,287
8,303
8,307
8,315
8,322
8,325
8,346
8,383
8,433
8,472
8,504
8,530
8,538
8,545
8,564
8,579
8,598
8,658
8,661
8,664
8,679
8,717
8,763
8,766
8,772
8,796
8,865
8,868
8,891
8,896
8,916
8,930
8,953
8,954
8,970
8,985
9,10
9,11
9,12
9,13
9,16
9,17
9,24
9,33
9,34
9,36
9,41
9,43
9,51
9,53
9,56
9,57
9,65
9,66
9,80
9,83
9,85
9,88
9,92
9,102
9,107
9,114
9,116
9,125
9,128
9,133
9,140
9,142
9,157
9,169
9,170
9,179
9,180
9,183
9,191
9,195
9,197
9,204
9,226
9,231
9,232
9,237
9,239
9,262
9,290
9,292
9,297
9,298
9,300
9,318
9,339
9,343
9,348
9,356
9,376
9,379
9,386
9,396
9,429
9,434
9,438
9,446
9,453
9,471
9,488
9,517
9,518
9,524
9,531
9,535
9,544
9,573
9,601
9,611
9,619
9,629
9,649
9,669
9,670
9,673
9,676
9,682
9,692
9,715
9,727
9,740
9,753
9,769
9,777
9,804
9,810
9,812
9,815
9,831
9,834
9,849
9,862
9,906
9,911
9,912
9,932
9,979
9,996
9,1005
10,11
10,12
10,14
10,20
10,21
10,22
10,27
10,28
10,33
10,38
10,51
10,52
10,59
10,65
10,75
10,80
10,98
10,101
10,109
10,121
10,123
10,130
10,140
10,158
10,161
10,168
10,172
10,180
10,194
10,204
10,215
10,221
10,228
10,242
10,262
10,265
10,266
10,272
10,281
10,291
10,294
10,299
10,301
10,304
10,311
10,360
10,368
10,413
10,429
10,481
10,485
10,488
10,489
10,508
10,535
10,539
10,541
10,613
10,722
10,739
10,747
10,782
10,848
10,860
10,931
10,945
10,968
10,973
10,985
10,999
11,12
11,15
11,16
11,19
11,26
11,27
11,55
11,67
11,73
11,84
11,90
11,91
11,96
11,118
11,120
11,122
11,138
11,140
11,146
11,149
11,150
11,165
11,201
11,217
11,228
11,236
11,293
11,302
11,357
11,376
11,383
11,433
11,439
11,450
11,455
11,480
11,503
11,550
11,583
11,591
11,592
11,594
11,605
11,648
11,755
11,837
11,861
11,872
11,876
11,877
11,908
11,954
11,996
11,1011
12,13
12,28
12,35
12,68
12,105
12,125
12,138
12,141
12,161
12,181
12,196
12,214
12,215
12,216
12,263
12,285
12,288
12,375
12,427
12,446
12,449
12,477
12,487
12,507
12,544
12,654
12,686
12,691
12,787
12,812
13,20
13,32
13,36
13,41
13,45
13,58
13,59
13,62
13,82
13,94
13,101
13,110
13,115
13,136
13,194
13,205
13,216
13,223
13,334
13,335
13,339
13,402
13,455
13,471
13,495
13,524
13,532
13,542
13,579
13,595
13,704
13,784
13,960
14,15
14,18
14,22
14,24
14,26
14,33
14,34
14,39
14,42
14,46
14,49
14,52
14,55
14,63
14,66
14,67
14,74
14,79
14,81
14,86
14,92
14,97
14,101
14,105
14,106
14,110
14,111
14,112
14,119
14,120
14,126
14,134
14,136
14,151
14,153
14,157
14,162
14,171
14,175
14,183
14,185
14,188
14,190
14,192
14,203
14,206
14,208
14,210
14,212
14,218
14,224
14,225
14,233
14,235
14,237
14,242
14,251
14,280
14,296
14,315
14,321
14,324
14,344
14,345
14,348
14,351
14,361
14,363
14,373
14,419
14,425
14,437
14,445
14,467
14,474
14,486
14,487
14,491
14,508
14,516
14,527
14,529
14,539
14,550
14,552
14,554
14,576
14,589
14,647
14,652
14,659
14,673
14,684
14,709
14,721
14,726
14,756
14,774
14,775
14,804
14,807
14,814
14,819
14,828
14,834
14,843
14,848
14,849
14,890
14,900
14,902
14,961
14,971
14,986
14,989
14,1012
14,1013
15,16
15,17
15,19
15,25
15,37
15,39
15,44
15,46
15,47
15,53
15,55
15,66
15,67
15,75
15,80
15,81
15,88
15,89
15,91
15,97
15,119
15,130
15,131
15,137
15,139
15,143
15,150
15,171
15,199
15,200
15,209
15,214
15,217
15,218
15,219
15,238
15,239
15,240
15,260
15,282
15,297
15,319
15,336
15,379
15,411
15,421
15,430
15,445
15,447
15,458
15,460
15,499
15,513
15,531
15,547
15,566
15,592
15,622
15,633
15,648
15,704
15,805
15,822
15,829
15,876
15,877
15,912
15,920
15,976
15,990
15,1008
16,17
16,18
16,22
16,25
16,38
16,48
16,50
16,69
16,108
16,118
16,133
16,152
16,228
16,238
16,271
16,277
16,427
16,540
16,605
16,628
16,801
16,909
17,20
17,26
17,70
17,95
17,104
17,106
17,162
17,174
17,193
17,213
17,367
17,369
17,386
17,527
17,545
17,602
17,610
17,666
17,686
17,706
17,753
17,866
17,924
17,1005
17,1009
17,1021
18,23
18,43
18,44
18,90
18,95
18,140
18,184
18,191
18,242
18,269
18,310
18,349
18,494
18,509
18,510
18,548
18,843
18,884
18,901
18,934
18,1013
19,20
19,29
19,31
19,32
19,33
19,36
19,37
19,38
19,39
19,43
19,46
19,57
19,62
19,64
19,66
19,71
19,76
19,98
19,102
19,109
19,118
19,124
19,145
19,152
19,177
19,178
19,183
19,184
19,186
19,194
19,196
19,200
19,226
19,228
19,255
19,256
19,261
19,263
19,286
19,298
19,301
19,323
19,324
19,325
19,340
19,346
19,361
19,379
19,380
19,387
19,390
19,394
19,440
19,448
19,450
19,461
19,477
19,480
19,485
19,495
19,501
19,508
19,509
19,513
19,517
19,522
19,533
19,564
19,584
19,596
19,599
19,617
19,623
19,663
19,698
19,712
19,762
19,770
19,799
19,810
19,818
19,839
19,856
19,882
19,883
19,895
19,911
19,934
19,980
19,998
19,1006
19,1008
19,1009
19,1011
20,24
20,25
20,27
20,54
20,59
20,60
20,65
20,70
20,71
20,72
20,87
20,91
20,102
20,109
20,112
20,118
20,123
20,126
20,128
20,129
20,157
20,177
20,187
20,191
20,198
20,206
20,207
20,211
20,212
20,247
20,260
20,272
20,279
20,281
20,283
20,296
20,338
20,348
20,356
20,365
20,368
20,369
20,378
20,405
20,452
20,492
20,530
20,536
20,546
20,550
20,576
20,587
20,595
20,623
20,636
20,638
20,657
20,683
20,702
20,730
20,763
20,768
20,778
20,789
20,862
20,895
20,901
20,924
20,947
20,959
20,972
21,23
21,25
21,31
21,72
21,77
21,79
21,90
21,166
21,198
21,214
21,259
21,270
21,303
21,374
21,414
21,420
21,432
21,554
21,569
21,647
21,662
21,670
21,687
21,741
21,850
21,861
21,862
21,980
22,24
22,33
22,48
22,56
22,62
22,64
22,73
22,90
22,99
22,110
22,115
22,116
22,127
22,130
22,192
22,194
22,197
22,201
22,206
22,221
22,225
22,228
22,229
22,237
22,275
22,302
22,305
22,324
22,354
22,365
22,381
22,411
22,412
22,423
22,424
22,436
22,444
22,460
22,496
22,509
22,521
22,612
22,649
22,652
22,660
22,730
22,739
22,764
22,827
22,846
22,883
22,906
22,910
22,921
22,929
22,956
22,965
23,26
23,27
23,37
23,40
23,47
23,61
23,62
23,71
23,73
23,79
23,88
23,104
23,114
23,119
23,124
23,125
23,129
23,131
23,136
23,141
23,142
23,147
23,149
23,160
23,164
23,179
23,184
23,203
23,207
23,217
23,244
23,246
23,295
23,321
23,326
23,337
23,338
23,388
23,399
23,403
23,421
23,448
23,457
23,494
23,498
23,505
23,559
23,574
23,581
23,637
23,651
23,677
23,692
23,703
23,712
23,785
23,795
23,807
23,824
23,861
23,896
23,898
23,927
23,934
23,945
23,960
23,963
23,974
24,27
24,30
24,64
24,65
24,73
24,85
24,106
24,161
24,176
24,183
24,229
24,245
24,285
24,355
24,356
24,470
24,518
24,555
24,566
24,576
24,632
24,661
24,695
24,715
24,753
24,755
24,779
24,900
24,930
24,970
25,29
25,35
25,36
25,39
25,43
25,45
25,53
25,63
25,68
25,89
25,109
25,115
25,119
25,123
25,129
25,148
25,149
25,155
25,159
25,162
25,172
25,174
25,176
25,202
25,245
25,246
25,249
25,251
25,253
25,274
25,296
25,301
25,310
25,365
25,385
25,389
25,404
25,464
25,500
25,573
25,617
25,697
25,709
25,718
25,764
25,785
25,854
25,867
25,870
25,925
26,35
26,40
26,45
26,55
26,67
26,70
26,78
26,89
26,95
26,100
26,113
26,116
26,144
26,152
26,190
26,206
26,215
26,241
26,255
26,264
26,279
26,288
26,291
26,319
26,425
26,444
26,465
26,484
26,491
26,507
26,518
26,519
26,562
26,572
26,592
26,597
26,599
26,625
26,679
26,699
26,702
26,734
26,739
26,781
26,795
26,832
26,930
26,981
26,1002
27,28
27,42
27,49
27,50
27,51
27,54
27,69
27,75
27,88
27,93
27,103
27,123
27,132
27,172
27,189
27,190
27,209
27,215
27,225
27,243
27,308
27,326
27,335
27,389
27,423
27,511
27,521
27,649
27,753
27,785
27,802
27,879
27,895
27,963
27,987
28,29
28,32
28,34
28,35
28,42
28,58
28,72
28,93
28,143
28,158
28,175
28,188
28,213
28,237
28,347
28,371
28,390
28,407
28,458
28,473
28,474
28,571
28,579
28,732
28,796
28,801
28,830
28,831
28,847
28,892
28,893
28,896
28,1005
29,81
29,135
29,140
29,245
29,249
29,300
29,320
29,362
29,482
29,493
29,551
29,606
29,646
29,733
29,750
29,811
29,813
29,918
29,983
29,1011
30,35
30,39
30,40
30,56
30,69
30,76
30,87
30,101
30,105
30,117
30,129
30,144
30,167
30,178
30,197
30,211
30,222
30,237
30,284
30,303
30,384
30,385
30,397
30,423
30,494
30,521
30,534
30,556
30,571
30,583
30,644
30,664
30,666
30,677
30,686
30,720
30,741
30,757
30,760
30,766
30,777
30,847
30,854
30,897
30,932
30,983
30,998
30,1010
31,36
31,57
31,59
31,70
31,80
31,82
31,86
31,88
31,90
31,168
31,178
31,273
31,298
31,340
31,377
31,378
31,391
31,408
31,439
31,465
31,557
31,561
31,582
31,585
31,587
31,621
31,684
31,759
31,773
31,788
31,831
31,935
31,958
32,40
32,67
32,108
32,188
32,206
32,280
32,327
32,381
32,400
32,403
32,411
32,459
32,543
32,613
32,641
32,647
32,701
32,775
32,815
32,819
32,914
32,964
32,967
32,993
32,1011
33,34
33,50
33,59
33,61
33,84
33,104
33,108
33,116
33,145
33,158
33,165
33,200
33,202
33,231
33,254
33,277
33,300
33,304
33,308
33,332
33,349
33,380
33,381
33,426
33,427
33,435
33,459
33,462
33,471
33,476
33,569
33,576
33,589
33,620
33,627
33,653
33,693
33,710
33,768
33,781
33,784
33,850
33,932
33,961
33,962
33,978
34,35
34,47
34,48
34,49
34,50
34,72
34,73
34,74
34,76
34,83
34,86
34,99
34,111
34,126
34,131
34,133
34,141
34,145
34,156
34,181
34,184
34,227
34,229
34,232
34,250
34,301
34,343
34,352
34,377
34,388
34,414
34,423
34,461
34,466
34,490
34,499
34,516
34,565
34,581
34,600
34,615
34,619
34,680
34,696
34,700
34,743
34,793
34,817
34,826
34,827
34,833
34,915
34,927
34,987
34,1003
34,1018
35,37
35,38
35,45
35,61
35,74
35,82
35,93
35,120
35,128
35,143
35,207
35,236
35,266
35,313
35,358
35,398
35,445
35,475
35,484
35,529
35,555
35,636
35,642
35,651
35,665
35,684
35,748
35,756
35,762
35,821
35,845
35,925
35,1018
36,64
36,71
36,76
36,82
36,85
36,93
36,96
36,103
36,105
36,134
36,155
36,156
36,179
36,198
36,203
36,218
36,239
36,251
36,258
36,269
36,308
36,320
36,327
36,333
36,352
36,364
36,366
36,376
36,381
36,406
36,413
36,416
36,469
36,478
36,498
36,504
36,510
36,526
36,527
36,536
36,544
36,565
36,578
36,603
36,605
36,626
36,631
36,645
36,687
36,690
36,787
36,788
36,809
36,837
36,857
36,891
36,951
36,985
36,998
36,1000
37,70
37,107
37,121
37,219
37,437
37,856
37,863
37,878
37,919
37,967
38,41
38,97
38,120
38,161
38,173
38,181
38,216
38,232
38,255
38,264
38,335
38,421
38,507
38,577
38,626
38,648
38,660
38,665
38,690
38,710
38,744
38,809
38,1018
39,40
39,122
39,164
39,170
39,172
39,261
39,265
39,280
39,290
39,340
39,363
39,366
39,400
39,425
39,478
39,479
39,492
39,495
39,524
39,537
39,612
39,632
39,636
39,713
39,743
39,774
39,837
39,911
39,957
39,1007
40,53
40,120
40,137
40,202
40,357
40,386
40,390
40,452
40,630
40,925
40,969
40,987
41,57
41,58
41,64
41,66
41,86
41,93
41,96
41,109
41,193
41,194
41,195
41,202
41,275
41,309
41,375
41,400
41,443
41,467
41,469
41,494
41,533
41,547
41,589
41,592
41,694
41,696
41,697
41,707
41,712
41,813
41,941
41,975
41,980
41,990
42,61
42,115
42,130
42,178
42,182
42,246
42,314
42,345
42,353
42,366
42,497
42,558
42,609
42,638
42,705
42,742
42,773
42,795
42,899
42,902
42,918
42,950
42,958
42,1019
43,45
43,60
43,70
43,74
43,86
43,110
43,114
43,128
43,148
43,181
43,205
43,225
43,241
43,249
43,251
43,278
43,297
43,312
43,320
43,332
43,345
43,367
43,429
43,450
43,453
43,578
43,593
43,634
43,637
43,682
43,735
43,741
43,749
43,832
43,836
43,868
43,884
43,891
43,897
43,923
43,955
43,995
43,998
43,1007
44,46
44,47
44,54
44,69
44,87
44,93
44,103
44,139
44,153
44,168
44,195
44,226
44,227
44,252
44,258
44,260
44,300
44,315
44,351
44,372
44,382
44,412
44,425
44,428
44,444
44,506
44,553
44,580
44,598
44,600
44,727
44,730
44,859
44,983
45,51
45,53
45,60
45,78
45,83
45,103
45,110
45,113
45,126
45,163
45,167
45,198
45,207
45,239
45,278
45,299
45,306
45,326
45,329
45,345
45,483
45,532
45,568
45,594
45,662
45,729
45,816
45,819
46,92
46,106
46,135
46,144
46,154
46,197
46,231
46,251
46,356
46,370
46,406
46,432
46,610
46,650
46,728
46,859
46,946
47,48
47,58
47,63
47,68
47,83
47,86
47,94
47,122
47,126
47,186
47,222
47,226
47,227
47,244
47,261
47,273
47,284
47,317
47,331
47,334
47,336
47,364
47,406
47,408
47,413
47,420
47,464
47,475
47,486
47,514
47,525
47,557
47,597
47,611
47,624
47,625
47,643
47,654
47,660
47,710
47,750
47,761
47,775
47,836
47,851
47,867
47,869
47,878
47,926
47,934
47,966
48,52
48,72
48,105
48,151
48,161
48,234
48,292
48,311
48,324
48,325
48,366
48,396
48,413
48,467
48,480
48,541
48,553
48,561
48,585
48,773
48,855
48,866
48,967
49,113
49,165
49,283
49,443
49,611
49,890
50,52
50,81
50,84
50,97
50,136
50,143
50,180
50,183
50,209
50,424
50,479
50,594
50,607
50,618
50,703
50,726
50,734
50,748
50,785
50,790
50,956
51,99
51,226
51,256
51,282
51,308
51,321
51,462
51,541
51,604
51,614
51,718
51,780
51,841
51,880
51,1003
52,57
52,63
52,78
52,138
52,152
52,200
52,217
52,304
52,389
52,461
52,480
52,524
52,541
52,609
52,613
52,659
52,662
52,736
52,902
52,930
53,132
53,159
53,205
53,238
53,252
53,284
53,344
53,357
53,370
53,452
53,487
53,575
53,593
53,607
53,778
53,851
53,906
54,69
54,132
54,141
54,212
54,214
54,242
54,282
54,283
54,350
54,351
54,353
54,366
54,382
54,421
54,481
54,578
54,604
54,737
54,741
54,763
54,770
54,809
54,813
54,950
54,967
55,66
55,67
55,94
55,95
55,98
55,133
55,136
55,204
55,254
55,355
55,372
55,404
55,465
55,541
55,574
55,581
55,584
55,624
55,944
55,995
55,1001
56,60
56,108
56,167
56,174
56,176
56,179
56,233
56,262
56,319
56,355
56,372
56,373
56,410
56,446
56,547
56,560
56,570
56,598
56,651
56,723
56,756
56,765
56,778
56,909
56,939
56,968
56,969
57,65
57,84
57,113
57,119
57,127
57,131
57,138
57,139
57,166
57,210
57,267
57,271
57,295
57,320
57,396
57,446
57,450
57,527
57,549
57,568
57,624
57,626
57,805
57,919
57,922
57,933
57,981
57,993
58,60
58,64
58,112
58,113
58,117
58,134
58,142
58,148
58,240
58,295
58,396
58,402
58,456
58,466
58,496
58,528
58,666
58,685
58,836
58,972
59,103
59,168
59,235
59,275
59,317
59,341
59,418
59,455
59,508
59,605
59,681
59,712
59,767
59,820
59,968
60,72
60,97
60,98
60,111
60,145
60,151
60,276
60,293
60,305
60,390
60,433
60,575
60,600
60,603
60,858
60,949
60,1017
61,105
61,271
61,382
61,543
61,685
61,751
61,812
61,822
62,100
62,213
62,289
62,337
62,350
62,430
62,464
62,482
62,622
62,674
62,680
62,697
62,732
62,815
62,891
62,963
63,75
63,89
63,92
63,111
63,112
63,219
63,271
63,331
63,373
63,380
63,454
63,457
63,463
63,519
63,569
63,590
63,675
63,700
63,716
63,800
63,914
63,999
64,100
64,104
64,142
64,178
64,231
64,233
64,259
64,289
64,395
64,485
64,503
64,549
64,566
64,577
64,638
64,639
64,641
64,643
64,656
65,77
65,141
65,146
65,183
65,198
65,296
65,310
65,338
65,416
65,500
65,527
65,565
65,731
65,821
65,856
66,78
66,82
66,100
66,127
66,135
66,138
66,143
66,160
66,202
66,210
66,236
66,316
66,456
66,475
66,606
66,723
66,726
66,765
66,779
66,881
66,943
67,78
67,168
67,246
67,295
67,436
67,438
67,487
67,594
67,597
67,601
67,689
67,712
67,730
67,760
67,880
67,982
68,74
68,110
68,124
68,240
68,262
68,274
68,368
68,476
68,496
68,515
68,517
68,551
68,694
68,945
69,83
69,141
69,184
69,218
69,377
69,403
69,506
69,618
69,656
69,710
69,726
69,782
69,810
69,823
69,832
69,851
69,943
69,1013
69,1018
70,77
70,102
70,148
70,163
70,261
70,318
70,336
70,393
70,441
70,551
70,789
70,862
71,154
71,220
71,235
71,385
71,431
71,470
71,568
71,601
71,798
71,840
71,970
71,983
71,989
72,89
72,106
72,125
72,147
72,218
72,224
72,273
72,702
72,711
72,732
72,764
72,776
72,781
72,830
72,915
72,928
72,1008
73,75
73,78
73,131
73,134
73,148
73,173
73,189
73,193
73,258
73,296
73,297
73,300
73,329
73,336
73,340
73,364
73,398
73,435
73,438
73,490
73,631
73,683
73,711
73,735
73,804
73,818
73,828
73,939
73,972
73,1012
74,115
74,159
74,175
74,272
74,277
74,283
74,365
74,387
74,399
74,405
74,426
74,500
74,567
74,575
74,628
74,644
74,677
74,859
74,877
75,91
75,139
75,154
75,252
75,256
75,309
75,335
75,345
75,362
75,394
75,402
75,417
75,440
75,520
75,588
75,602
75,629
75,822
75,927
75,994
76,87
76,91
76,291
76,491
76,559
76,661
76,861
76,871
76,1000
76,1004
76,1023
77,287
77,511
77,738
77,762
77,780
77,844
78,95
78,135
78,144
78,147
78,162
78,166
78,189
78,246
78,366
78,406
78,489
78,536
78,626
78,633
78,935
79,268
79,628
80,130
80,131
80,208
80,221
80,244
80,246
80,276
80,288
80,309
80,353
80,362
80,375
80,382
80,486
80,543
80,581
80,648
80,650
80,668
80,677
80,769
80,791
80,796
80,849
80,871
80,888
80,909
80,929
81,144
81,149
81,155
81,362
81,373
81,405
81,408
81,425
81,538
81,539
81,548
81,553
81,571
81,586
81,678
81,700
81,829
81,911
81,950
82,238
82,259
82,570
83,85
83,101
83,149
83,153
83,280
83,314
83,414
83,555
83,602
83,781
83,793
83,837
83,1006
84,121
84,125
84,156
84,174
84,200
84,223
84,255
84,270
84,322
84,502
84,695
84,791
84,982
84,986
85,89
85,94
85,95
85,100
85,143
85,160
85,226
85,259
85,268
85,323
85,337
85,370
85,421
85,557
85,602
85,658
85,701
85,775
85,897
86,104
86,107
86,111
86,117
86,150
86,166
86,170
86,234
86,245
86,316
86,341
86,407
86,419
86,429
86,431
86,440
86,523
86,743
86,844
86,930
87,98
87,146
87,328
87,353
87,513
87,519
87,524
87,648
87,680
87,768
87,814
87,835
88,248
88,299
88,358
88,693
88,716
88,828
89,122
89,128
89,248
89,277
89,721
90,96
90,159
90,221
90,232
90,439
90,624
90,722
91,92
91,98
91,112
91,120
91,132
91,163
91,192
91,203
91,294
91,341
91,402
91,404
91,437
91,481
91,522
91,547
91,598
91,612
91,620
91,637
91,783
91,833
92,94
92,174
92,182
92,193
92,236
92,250
92,259
92,320
92,334
92,348
92,467
92,549
92,752
92,969
93,94
93,139
93,162
93,195
93,263
93,361
93,543
93,557
93,614
93,825
93,954
94,276
94,329
94,615
95,107
95,232
95,236
95,258
95,316
95,347
95,385
95,392
95,428
95,476
95,615
95,685
95,692
95,759
95,816
95,826
95,889
96,100
96,158
96,240
96,274
96,331
96,388
96,517
96,774
96,788
97,123
97,220
97,224
97,260
97,300
97,357
97,371
97,433
97,518
97,535
97,563
97,578
97,599
97,620
97,659
97,881
97,893
97,971
97,985
97,998
98,122
98,156
98,203
98,286
98,306
98,445
98,448
98,485
98,618
98,692
98,721
98,738
99,106
99,140
99,188
99,240
99,475
99,899
100,121
100,147
100,159
100,208
100,217
100,303
100,313
100,403
100,428
100,476
100,582
100,646
100,714
100,724
100,938
101,107
101,182
101,290
101,308
101,546
101,790
101,858
101,1003
102,115
102,135
102,142
102,165
102,168
102,173
102,204
102,239
102,283
102,284
102,286
102,342
102,481
102,506
102,522
102,615
102,630
102,752
102,758
102,896
103,201
103,261
103,326
103,359
103,418
103,538
103,695
103,812
103,839
103,879
104,189
104,288
104,292
104,350
104,936
105,164
105,328
105,350
105,352
105,356
105,359
105,403
105,588
105,605
105,871
105,921
105,984
106,129
106,146
106,205
106,238
106,282
106,332
106,350
106,365
106,619
106,651
106,823
106,838
106,962
107,474
107,660
107,689
107,904
108,215
108,218
108,514
108,602
108,624
108,649
108,724
108,761
108,769
108,962
109,114
109,154
109,173
109,201
109,268
109,318
109,364
109,384
109,387
109,410
109,415
109,477
109,484
109,525
109,553
109,558
109,698
109,700
109,725
109,796
109,846
109,866
109,892
109,949
110,157
110,158
110,160
110,175
110,203
110,232
110,237
110,242
110,336
110,354
110,384
110,686
110,701
110,876
111,209
111,216
111,236
111,294
111,302
111,314
111,332
111,360
111,361
111,427
111,631
111,885
112,209
112,383
112,415
112,705
112,863
112,995
113,220
113,351
113,564
113,941
114,132
114,177
114,364
114,389
114,469
114,764
114,765
114,878
115,129
115,167
115,188
115,253
115,254
115,265
115,306
115,328
115,333
115,369
115,393
115,444
115,492
115,501
115,533
115,764
115,780
115,810
115,958
116,127
116,137
116,184
116,191
116,231
116,349
116,465
116,563
116,597
116,659
116,840
116,973
116,1022
117,155
117,306
117,391
117,818
117,903
117,970
118,136
118,151
118,233
118,235
118,329
118,342
118,422
118,499
118,561
118,666
118,835
118,842
118,988
119,124
119,219
119,250
119,267
119,276
119,325
119,348
119,445
119,476
119,547
119,556
119,721
119,888
119,951
119,985
119,1015
120,134
120,196
120,349
120,635
120,647
120,678
120,706
120,801
120,855
120,974
120,995
121,157
121,230
121,279
121,310
121,311
121,469
121,486
121,528
121,630
121,680
121,799
121,825
122,225
122,227
122,410
122,422
122,520
122,563
122,596
122,713
122,727
122,771
122,808
122,887
123,124
123,249
123,293
123,310
123,342
123,434
123,500
123,508
123,530
123,585
123,626
123,644
123,701
123,998
124,165
124,175
124,221
124,367
124,430
124,460
124,621
124,658
124,866
124,925
124,943
124,981
125,186
125,290
125,330
125,409
125,469
125,470
125,542
125,796
125,830
125,839
125,869
125,992
125,1010
126,146
126,166
126,186
126,238
126,285
126,293
126,419
126,573
126,671
126,737
126,944
126,995
127,161
127,176
127,205
127,224
127,473
127,715
128,229
128,411
128,806
128,855
128,879
129,145
129,150
129,154
129,156
129,208
129,252
129,265
129,338
129,407
129,1013
130,133
130,139
130,146
130,162
130,181
130,201
130,235
130,247
130,275
130,279
130,534
130,650
130,832
130,854
130,895
130,917
131,263
131,393
131,684
131,719
131,739
131,889
131,898
131,990
132,210
132,243
132,287
132,332
132,337
132,370
132,429
132,440
132,540
132,634
132,707
132,756
132,921
133,187
133,357
133,422
133,463
134,173
134,185
134,311
134,443
134,451
134,491
134,866
135,153
135,244
135,480
135,731
136,172
136,190
136,296
136,330
136,353
136,359
136,388
136,433
136,849
136,965
137,149
137,187
137,195
137,207
137,244
137,270
137,309
137,348
137,378
137,492
137,543
137,646
137,809
137,980
138,151
138,327
138,331
138,532
139,152
139,255
139,374
140,159
140,227
140,266
140,555
140,566
140,570
140,775
141,197
141,234
141,272
141,489
141,582
141,750
141,839
141,905
141,1010
141,1015
142,209
142,269
142,307
142,546
142,780
143,317
143,338
143,502
143,592
143,893
143,979
143,986
144,156
144,169
144,171
144,675
144,725
144,861
144,964
145,166
145,176
145,192
145,214
145,263
145,275
145,372
145,432
145,462
145,497
145,614
145,687
145,774
145,848
145,852
146,150
146,180
146,247
146,424
146,443
146,461
146,933
146,992
147,163
147,338
147,579
147,593
147,725
147,744
147,794
147,922
148,153
148,291
148,294
148,302
148,422
148,431
148,440
148,463
148,476
148,577
148,854
148,964
148,977
149,216
149,286
149,402
149,408
149,637
149,748
149,854
149,915
149,925
150,167
150,185
150,212
150,258
150,285
150,373
150,464
150,611
150,619
150,683
150,693
150,706
150,773
150,919
150,952
151,158
151,189
151,208
151,234
151,243
151,247
151,253
151,278
151,361
151,368
151,457
151,482
151,540
151,554
151,588
151,613
151,643
151,737
151,862
151,913
151,989
152,202
152,233
152,281
152,369
152,395
152,512
152,566
152,674
152,722
152,857
152,916
152,930
152,941
153,171
153,187
153,297
153,305
153,392
153,400
153,409
153,455
153,579
153,699
153,795
153,827
153,990
154,160
154,197
154,217
154,247
154,330
154,334
154,384
154,566
154,663
154,671
154,702
154,844
154,980
154,1005
154,1016
155,229
155,230
155,231
155,274
155,349
155,367
155,401
155,409
155,430
155,451
155,512
155,525
155,549
155,609
155,697
155,745
155,807
155,865
155,912
155,973
156,267
156,301
156,459
156,474
156,542
156,606
156,621
156,699
156,755
156,770
157,172
157,339
157,359
157,444
157,515
157,561
157,970
157,1006
158,353
158,397
158,595
158,769
158,808
158,933
159,199
159,292
159,321
159,346
159,418
159,436
159,586
159,607
159,678
159,738
159,891
159,942
160,191
160,219
160,257
160,342
160,515
160,533
160,558
160,717
160,776
160,875
160,897
161,214
161,265
161,355
161,628
161,631
161,663
161,724
161,794
161,863
161,994
161,1007
162,163
162,347
162,351
162,412
162,472
162,501
162,529
162,545
162,556
162,620
162,699
162,790
162,818
162,864
163,324
163,522
163,591
163,669
163,691
163,977
163,1020
164,185
164,257
164,266
164,344
164,398
164,502
164,565
164,700
164,954
165,177
165,204
165,333
165,493
165,557
165,779
165,792
165,841
165,1022
165,1023
166,281
166,305
166,327
166,448
166,547
166,622
166,724
166,812
167,247
167,535
167,572
167,587
167,633
167,747
167,751
167,754
167,760
167,789
168,289
168,326
168,549
168,820
169,241
169,298
169,302
169,373
169,526
169,627
169,640
169,767
170,199
170,208
170,266
170,290
170,311
170,375
170,415
170,514
170,596
170,615
170,675
170,678
170,735
170,739
170,900
170,927
170,955
171,180
171,198
171,222
171,230
171,254
171,311
171,334
171,340
171,414
171,426
171,466
171,509
171,563
171,589
171,614
171,719
171,729
171,749
171,758
171,765
171,814
171,876
171,958
172,213
172,268
172,323
172,431
172,667
172,716
173,341
173,396
173,408
173,729
173,857
173,859
173,966
174,211
174,256
174,263
174,328
174,362
174,363
174,409
174,435
174,458
174,468
174,492
174,503
174,534
174,545
174,687
174,772
174,777
174,811
174,941
175,347
176,212
176,331
176,420
176,442
176,473
176,545
176,556
176,600
176,662
176,731
176,779
176,787
176,976
176,997
177,192
177,223
177,250
177,287
177,312
177,339
177,342
177,399
177,404
177,536
177,666
177,668
177,810
178,182
178,205
178,264
178,271
178,330
178,360
178,381
178,383
178,496
178,551
178,580
178,607
178,719
178,806
178,943
179,329
179,665
179,940
180,194
180,196
180,230
180,243
180,281
180,446
180,545
180,584
180,599
180,713
180,759
180,817
180,851
180,907
181,285
181,381
181,694
181,999
182,355
182,600
182,982
182,992
182,997
183,185
183,267
183,740
183,767
183,801
183,808
183,827
183,990
183,995
184,201
184,210
184,254
184,257
184,370
184,459
184,495
184,516
184,576
184,641
184,736
184,857
184,938
184,1018
185,204
185,235
185,298
185,471
185,655
185,874
186,249
186,289
186,347
186,391
186,441
186,494
186,518
186,655
186,695
186,783
186,1014
186,1023
187,288
187,309
187,320
187,399
187,465
187,596
188,199
188,220
188,222
188,228
188,342
188,442
188,505
188,516
188,538
188,584
188,735
189,640
190,270
190,385
190,397
190,497
190,606
190,640
190,665
190,741
190,802
190,918
190,937
190,939
190,999
191,207
191,388
191,404
191,449
191,503
191,703
191,794
191,798
191,855
192,352
193,335
193,358
193,707
194,286
194,577
194,586
194,607
194,616
194,652
194,697
194,797
194,972
194,991
195,259
195,573
195,757
196,199
196,219
196,221
196,343
197,285
197,526
197,848
198,634
198,673
198,805
198,912
198,1016
199,250
199,333
199,400
199,417
199,445
199,577
199,935
199,966
199,1001
200,306
200,315
200,760
200,1000
200,1002
201,248
201,257
201,304
201,378
201,390
201,426
201,537
201,562
201,580
201,651
201,683
201,748
201,926
201,989
202,265
202,355
202,383
202,627
202,649
202,813
202,929
203,251
203,328
203,375
203,544
203,613
203,671
203,780
203,968
203,994
204,457
204,589
204,656
205,275
205,479
205,570
205,942
205,996
206,329
206,343
206,761
206,875
206,884
207,798
207,813
208,224
208,339
208,479
208,528
209,581
209,782
209,919
210,483
210,630
211,225
211,229
211,393
211,850
212,254
212,325
212,405
212,453
212,754
212,885
213,216
213,234
213,291
213,412
213,481
213,514
213,749
214,240
214,274
214,288
214,309
214,335
214,391
214,447
214,471
214,512
214,526
214,559
214,578
214,595
214,740
214,807
214,943
214,1021
215,243
215,264
215,269
215,279
215,299
215,430
215,462
215,537
215,657
215,956
215,963
215,1002
216,234
216,248
216,313
216,922
217,220
217,230
217,260
217,306
217,327
217,387
217,406
217,775
217,821
217,845
218,299
218,352
218,354
218,488
218,551
218,588
218,717
218,758
218,808
218,894
218,1019
219,762
220,297
220,333
220,587
220,617
220,679
220,715
220,725
220,1000
221,260
221,391
222,284
222,323
222,330
222,458
222,482
222,530
222,542
222,619
222,658
222,749
222,834
222,848
222,942
223,241
223,377
223,731
223,789
223,978
223,1021
224,248
224,314
224,328
224,426
224,732
225,372
225,411
225,413
225,636
225,674
225,776
225,838
225,978
225,997
226,302
226,310
226,313
226,398
226,405
226,415
226,513
226,589
226,910
226,934
227,398
227,487
227,504
227,517
227,727
227,886
227,1019
228,245
228,864
229,294
229,388
229,389
229,417
229,446
229,454
229,818
230,392
230,472
230,603
230,789
230,801
231,249
231,325
231,514
231,653
231,800
232,233
232,241
232,279
232,299
232,312
232,322
232,392
232,416
232,472
232,511
232,526
232,552
232,832
232,885
232,955
233,708
233,753
234,239
234,243
234,305
234,410
234,437
234,703
234,819
234,824
234,1015
235,242
235,277
235,419
235,450
235,632
235,698
235,740
235,841
235,878
235,984
235,1015
236,307
236,412
236,457
236,574
236,824
236,903
237,321
237,405
237,697
237,727
237,784
238,322
238,346
238,367
238,635
238,656
238,734
239,401
239,490
239,667
240,376
240,380
240,794
241,319
241,322
241,341
241,359
241,493
241,499
241,585
241,634
241,860
241,908
242,256
242,292
242,307
242,358
242,668
242,721
242,816
242,849
243,560
243,817
244,435
244,953
245,273
245,307
245,370
245,430
245,675
245,886
245,935
246,337
246,359
246,378
246,442
246,461
246,471
246,536
246,591
246,811
247,317
247,424
247,489
247,572
247,650
247,665
247,989
248,266
248,316
248,441
248,635
248,659
248,753
249,330
249,368
249,596
250,280
250,356
250,374
250,376
250,397
250,463
250,494
250,523
250,564
250,655
250,671
250,675
250,692
250,847
250,873
251,282
251,414
251,454
251,505
251,540
251,560
251,603
251,938
251,957
252,270
252,307
252,431
252,575
252,815
252,821
252,844
252,910
252,1004
253,321
253,345
253,567
253,868
253,917
254,261
254,344
254,438
254,452
254,496
254,634
255,379
255,424
255,439
255,468
255,529
255,658
255,800
255,903
256,272
256,378
256,449
256,477
256,503
256,672
256,719
256,751
256,768
256,802
256,806
256,875
256,1015
257,258
257,271
257,323
257,354
257,371
257,424
257,460
257,500
257,522
257,620
257,642
257,656
257,723
257,734
257,805
257,970
258,268
258,278
258,419
258,426
258,548
258,599
258,707
258,719
258,783
258,901
259,501
259,590
260,407
260,409
260,420
260,887
260,969
261,484
261,499
261,512
261,525
261,822
262,326
262,367
262,751
262,776
262,853
262,889
262,905
263,394
263,412
263,640
263,689
264,280
264,487
264,610
264,870
265,278
265,281
265,398
265,554
265,555
265,601
265,615
265,638
265,720
265,766
265,802
265,817
266,293
266,317
266,389
266,406
266,470
266,520
266,577
267,293
267,360
267,368
267,447
267,608
267,739
268,344
268,497
268,509
268,518
268,520
269,289
269,341
269,418
269,475
270,343
270,483
270,552
270,932
271,284
271,486
271,523
271,538
271,670
271,689
271,701
271,798
271,955
271,960
272,318
272,371
272,498
272,504
272,531
272,542
272,648
272,664
272,858
273,427
273,533
273,676
273,923
274,457
274,952
275,723
276,331
276,334
276,537
276,582
276,627
276,685
276,816
277,892
279,358
279,957
280,792
281,308
281,371
281,669
281,1013
282,301
282,464
282,670
283,354
283,371
283,410
283,436
283,596
283,830
283,904
283,910
284,391
284,417
284,419
284,454
284,468
284,557
284,611
284,755
284,1021
285,287
285,352
285,684
285,707
285,828
285,861
286,290
286,395
286,413
286,645
286,757
286,798
286,814
286,829
286,886
286,918
287,767
287,811
287,994
287,1008
288,539
288,573
288,650
288,885
289,379
289,676
289,742
289,874
289,906
290,316
290,318
290,678
290,822
290,885
290,914
290,1006
291,421
291,942
291,959
292,401
292,502
292,541
292,590
292,640
292,728
292,973
293,453
293,567
293,604
293,685
293,730
293,900
294,317
294,681
294,746
294,1016
295,313
295,319
295,369
295,380
295,382
295,473
295,586
295,639
295,827
296,439
296,440
296,572
296,575
296,699
296,713
296,745
297,358
297,834
297,960
298,303
298,495
298,824
299,973
300,339
300,422
300,901
301,387
301,436
301,1017
302,458
302,729
302,793
302,944
303,752
303,976
304,315
304,468
304,752
304,835
304,983
305,477
305,722
305,845
306,394
306,397
306,484
306,533
306,558
306,690
307,327
307,363
307,493
307,788
307,791
308,374
308,449
308,481
308,703
309,682
310,642
311,312
311,354
311,711
311,820
311,900
311,945
311,987
312,448
312,466
312,720
312,923
312,1007
313,397
313,451
313,485
313,502
313,535
313,548
313,811
313,887
313,1014
314,323
314,346
314,435
314,455
314,559
314,569
314,646
314,792
314,884
315,387
315,404
315,441
315,442
315,462
315,663
315,704
315,757
315,905
315,1019
316,420
316,624
316,744
316,975
318,399
318,447
318,451
318,510
318,794
318,841
318,1023
319,363
319,572
319,640
319,698
319,820
320,493
320,527
320,594
320,595
320,664
320,683
320,689
320,691
320,717
320,789
320,827
320,863
321,402
321,746
321,991
322,362
323,363
323,452
323,467
323,531
323,635
323,694
323,703
323,823
323,824
324,672
325,569
326,392
326,438
326,480
326,612
326,630
327,346
327,497
327,520
327,668
327,706
327,735
328,410
328,581
328,623
328,655
328,902
328,957
328,1016
329,417
329,428
329,456
329,608
329,642
329,923
329,1016
330,571
330,632
330,960
331,434
331,483
331,538
331,551
331,580
331,621
331,996
331,1010
332,516
332,591
332,654
332,728
332,864
333,423
333,525
333,636
333,664
333,701
333,919
333,953
334,423
334,757
334,759
334,836
335,453
335,464
335,517
335,574
335,604
335,660
335,667
335,898
335,924
337,434
337,495
337,559
337,835
338,347
338,407
338,450
338,532
338,598
338,660
338,784
338,894
338,935
338,982
339,437
339,679
340,433
340,435
340,491
340,507
340,608
340,687
340,810
340,1006
341,525
341,623
341,672
343,944
344,360
344,641
344,948
345,417
345,598
345,616
345,633
345,951
345,994
346,468
346,592
346,655
346,719
346,871
347,456
347,591
347,654
347,962
348,683
348,766
348,904
349,520
349,781
349,802
350,556
350,670
350,771
350,786
351,374
351,377
351,510
351,778
351,838
351,990
352,546
352,777
352,795
352,851
352,926
353,463
353,588
353,746
353,902
353,961
354,515
354,664
354,708
354,761
354,799
354,860
354,967
354,992
354,1000
355,539
356,361
356,636
356,646
356,713
356,921
356,996
358,393
358,422
358,431
358,452
358,512
358,641
359,603
360,432
360,454
360,537
361,443
361,618
361,627
361,645
361,708
361,709
361,773
361,914
361,918
362,667
362,771
363,522
363,558
363,757
363,976
364,420
364,528
364,552
364,560
364,782
364,805
365,395
365,609
365,896
366,386
367,461
367,483
367,847
368,472
368,485
368,488
368,510
368,554
368,633
368,844
368,860
368,967
368,1012
369,758
369,912
370,853
371,375
371,414
371,540
371,594
371,616
371,652
371,763
372,434
372,489
372,550
372,583
372,750
372,908
372,915
372,927
373,483
373,526
373,534
373,604
373,616
373,881
373,888
374,386
374,642
374,831
375,394
375,684
375,718
375,836
375,907
375,1020
376,384
376,530
376,937
377,382
377,401
377,500
377,504
377,658
377,771
378,403
378,451
378,681
378,690
378,856
379,416
379,432
379,552
379,749
379,763
379,871
380,393
380,550
380,867
380,877
381,477
381,499
381,521
381,766
381,904
381,906
382,394
382,490
382,584
382,617
382,654
382,922
382,978
382,979
383,639
383,760
383,843
383,865
384,614
384,950
385,428
385,549
385,559
385,797
385,799
385,809
386,567
386,823
387,482
387,631
387,657
387,771
387,790
387,844
387,888
387,947
387,955
387,1004
388,442
388,491
388,845
389,738
389,788
389,792
389,815
389,852
390,853
391,416
391,830
391,840
391,886
391,1021
392,583
392,910
393,409
393,801
394,694
394,814
394,846
394,882
394,969
395,401
395,415
395,416
395,418
396,501
396,523
396,700
396,833
396,913
397,428
397,572
397,1004
398,439
398,473
398,488
398,528
398,590
398,710
398,994
399,425
399,443
399,681
399,709
399,728
399,908
400,550
400,780
401,488
401,662
401,714
401,786
402,429
402,449
402,511
402,519
402,583
402,686
402,997
403,733
403,862
403,869
403,870
404,531
405,437
405,514
405,539
406,796
406,984
407,667
407,691
407,731
407,815
408,582
408,688
408,696
408,716
409,411
409,427
409,510
409,528
409,618
409,644
409,718
409,834
409,926
410,415
410,470
410,505
410,597
410,652
410,708
410,711
410,756
410,767
411,493
411,498
411,1019
412,695
412,997
413,635
413,751
413,752
413,758
413,803
413,816
413,882
413,1001
414,567
414,677
414,715
414,883
415,608
416,434
416,467
416,468
416,928
416,951
417,617
417,792
417,806
417,840
417,988
418,523
418,616
418,620
418,645
418,841
419,447
419,519
419,610
420,479
420,546
420,583
420,718
420,762
421,562
421,669
422,447
422,474
422,537
422,814
422,872
422,898
423,453
423,714
423,738
423,826
423,857
423,922
425,489
425,565
425,704
426,486
426,511
426,554
426,696
426,879
426,894
426,966
427,568
427,829
428,544
428,661
429,579
431,597
431,705
431,818
431,855
431,860
431,974
432,504
432,750
433,1004
434,600
435,529
435,680
435,730
436,478
436,521
436,613
437,458
437,611
437,1014
438,593
438,663
439,536
439,867
439,910
439,954
440,441
440,501
440,564
440,609
440,610
440,641
440,786
440,874
440,920
440,958
441,474
441,478
441,688
441,737
441,743
441,779
441,872
441,880
441,945
441,973
441,976
441,977
442,519
442,695
443,472
443,914
444,702
445,529
445,618
445,674
445,991
446,662
446,843
446,865
446,942
447,508
447,644
447,674
448,653
448,772
448,893
448,906
448,981
448,1022
449,478
449,479
449,682
450,507
450,540
450,858
450,882
451,465
451,475
451,484
451,515
451,530
451,803
451,914
451,987
453,726
454,635
454,688
454,786
454,858
454,958
455,543
455,707
455,831
455,887
455,926
456,687
456,820
456,920
457,791
458,562
458,663
458,699
458,808
459,749
459,793
459,807
459,949
459,992
460,490
460,631
461,503
461,966
462,901
462,955
463,516
463,586
463,606
463,711
463,722
463,738
463,869
463,1009
465,825
466,556
466,570
466,623
466,727
467,685
468,478
468,913
468,971
469,621
469,669
469,828
469,864
470,482
470,506
470,607
470,744
470,800
470,881
471,542
471,698
471,904
471,937
471,1011
472,667
472,829
472,897
473,548
473,632
473,750
473,770
473,971
474,571
474,601
474,622
474,823
475,690
475,712
476,742
476,748
476,1019
477,587
477,647
477,725
478,580
480,625
480,655
480,837
480,891
480,962
481,855
482,946
483,512
483,571
484,743
485,639
485,676
485,840
485,950
486,638
486,653
488,553
488,567
488,781
488,978
489,656
489,746
489,852
489,982
490,614
490,888
491,505
491,728
492,531
492,692
492,793
493,740
493,790
494,858
495,532
495,586
495,634
495,742
495,778
495,805
495,863
495,905
496,544
496,657
496,800
497,498
497,521
497,569
497,573
497,875
498,506
498,509
498,909
499,791
501,691
501,946
502,622
502,838
502,864
503,630
503,653
503,672
503,903
503,959
505,548
505,563
505,690
505,720
505,939
506,791
507,532
507,625
507,736
507,826
508,668
508,963
509,610
510,779
510,911
510,919
512,709
513,917
513,1020
514,584
514,745
514,1002
515,582
515,819
515,847
515,884
515,936
516,811
516,864
516,962
517,942
519,755
519,813
520,673
520,708
520,853
520,1005
522,587
522,693
522,717
522,1003
523,733
523,786
523,949
525,603
526,609
526,639
526,704
526,732
526,743
526,890
527,733
528,676
528,709
528,953
529,629
530,601
530,666
530,842
530,872
531,622
531,706
532,747
533,936
533,943
534,561
535,574
536,833
536,838
537,643
538,776
538,832
538,846
538,860
538,870
538,927
538,931
538,950
539,785
539,957
540,895
540,1000
542,626
542,761
542,1017
543,668
543,681
543,725
543,886
543,946
543,985
543,1002
544,870
544,871
546,696
546,902
547,564
547,578
547,782
548,576
548,588
548,721
548,889
548,928
548,931
548,948
548,974
549,645
549,1015
550,575
550,869
552,937
553,711
553,754
553,783
553,898
554,612
554,645
555,673
555,682
555,896
556,590
556,755
556,835
556,894
557,760
558,605
558,747
558,947
559,999
560,619
560,651
560,799
560,899
561,568
561,595
561,981
561,984
562,599
562,621
562,675
562,917
563,623
563,714
563,915
564,591
564,653
564,679
564,716
564,1008
565,735
565,745
565,797
565,798
565,1014
567,585
567,665
567,693
568,747
568,1004
569,825
569,842
570,629
570,686
570,705
570,751
570,852
570,949
571,804
572,847
572,940
574,676
574,733
574,759
574,777
574,822
576,625
576,706
577,642
577,716
578,720
578,953
579,720
579,876
580,737
580,809
580,876
580,933
581,979
583,746
583,808
584,590
586,670
586,708
586,736
586,882
589,647
589,673
589,782
590,671
591,674
591,877
592,784
592,895
593,883
594,839
595,659
595,907
595,933
597,969
598,627
598,944
599,654
599,758
600,672
601,773
601,856
601,1005
603,657
603,756
605,661
606,745
606,852
607,732
607,883
608,946
608,956
610,649
610,836
611,741
611,768
612,863
612,986
613,772
614,637
615,788
615,961
617,787
618,688
618,977
621,740
621,1001
622,845
623,715
623,1020
624,693
625,953
626,681
627,643
627,790
628,726
628,764
629,694
629,714
629,907
629,944
630,633
630,777
630,797
630,854
630,857
630,867
630,983
631,747
631,878
633,806
633,843
634,748
634,778
635,842
636,842
636,879
636,883
637,754
637,835
637,889
637,939
637,945
637,1009
638,956
639,682
639,1021
640,652
640,826
640,941
640,978
641,959
642,890
642,920
643,931
645,845
646,688
646,972
647,713
648,669
648,717
648,868
648,873
648,937
649,714
649,859
649,870
650,802
651,767
651,774
653,677
653,879
653,929
654,804
656,785
656,952
657,881
658,724
658,885
660,933
662,705
662,920
663,948
666,807
667,928
667,971
667,1023
668,792
669,766
669,803
669,982
670,916
670,1023
672,825
672,925
673,912
674,772
676,1001
676,1009
677,880
678,688
678,759
679,833
679,993
680,893
680,1003
681,831
682,770
682,787
682,956
683,729
683,905
686,803
686,824
686,874
687,774
688,736
688,795
688,909
688,920
688,1012
690,817
690,852
690,988
693,974
694,921
695,964
697,698
697,865
698,873
700,889
701,769
702,765
702,931
702,975
705,819
705,828
705,869
705,873
709,991
710,799
710,865
710,911
712,1007
713,976
714,734
716,875
716,984
717,762
717,1009
718,722
718,850
718,916
719,928
720,821
721,737
722,746
722,929
723,761
723,880
724,742
724,898
724,907
727,890
728,800
729,882
730,839
730,859
731,965
732,988
733,754
735,948
736,893
738,880
738,908
740,752
744,825
745,917
745,923
745,981
745,1010
748,826
750,816
750,897
753,868
755,874
756,804
756,1020
757,793
759,829
759,988
759,996
760,960
760,961
760,1022
761,947
765,846
765,993
766,975
767,974
769,951
769,986
770,812
772,806
776,989
777,887
777,899
777,965
778,849
778,892
779,850
779,952
780,821
780,892
784,851
784,921
784,924
785,901
786,997
786,1014
788,947
790,817
791,986
795,867
795,928
798,951
798,1002
800,890
800,899
801,924
801,938
802,842
804,872
805,850
808,963
810,975
811,833
811,917
811,1016
816,830
816,841
817,820
819,979
820,892
823,877
824,964
825,873
827,843
828,1014
830,848
831,948
831,977
832,853
833,872
834,913
837,908
839,1017
840,866
840,936
841,924
846,926
846,971
847,904
847,923
849,959
853,938
854,1022
855,984
856,894
856,932
859,900
865,868
871,903
871,1007
872,948
874,966
877,952
877,968
878,991
879,979
885,940
888,1011
889,903
891,940
897,907
897,1017
899,913
899,965
900,922
903,913
905,934
905,977
909,952
910,936
913,959
918,935
923,947
926,991
926,1022
932,937
933,1012
938,992
953,980
966,972
968,1001
969,1013
971,993
977,1018
988,993
